DATE,INTEREST,UNEMPLOYMENT,INFLATION
1954-07-01,0.8,5.8,
1954-08-01,1.22,6.0,
1954-09-01,1.06,6.1,
1954-10-01,0.85,5.7,
1954-11-01,0.83,5.3,
1954-12-01,1.28,5.0,
1955-01-01,1.39,4.9,
1955-02-01,1.29,4.7,
1955-03-01,1.35,4.6,
1955-04-01,1.43,4.7,
1955-05-01,1.43,4.3,
1955-06-01,1.64,4.2,
1955-07-01,1.68,4.0,
1955-08-01,1.96,4.2,
1955-09-01,2.18,4.1,
1955-10-01,2.24,4.3,
1955-11-01,2.35,4.2,
1955-12-01,2.48,4.2,
1956-01-01,2.45,4.0,
1956-02-01,2.5,3.9,
1956-03-01,2.5,4.2,
1956-04-01,2.62,4.0,
1956-05-01,2.75,4.3,
1956-06-01,2.71,4.3,
1956-07-01,2.75,4.4,
1956-08-01,2.73,4.1,
1956-09-01,2.95,3.9,
1956-10-01,2.96,3.9,
1956-11-01,2.88,4.3,
1956-12-01,2.94,4.2,
1957-01-01,2.84,4.2,
1957-02-01,3.0,3.9,
1957-03-01,2.96,3.7,
1957-04-01,3.0,3.9,
1957-05-01,3.0,4.1,
1957-06-01,3.0,4.3,
1957-07-01,2.99,4.2,
1957-08-01,3.24,4.1,
1957-09-01,3.47,4.4,
1957-10-01,3.5,4.5,
1957-11-01,3.28,5.1,
1957-12-01,2.98,5.2,
1958-01-01,2.72,5.8,3.2
1958-02-01,1.67,6.4,3.2
1958-03-01,1.2,6.7,2.8
1958-04-01,1.26,7.4,2.4
1958-05-01,0.63,7.4,2.4
1958-06-01,0.93,7.3,2.1
1958-07-01,0.68,7.5,2.4
1958-08-01,1.53,7.4,2.1
1958-09-01,1.76,7.1,1.7
1958-10-01,1.8,6.7,1.7
1958-11-01,2.27,6.2,1.7
1958-12-01,2.42,6.2,1.7
1959-01-01,2.48,6.0,1.7
1959-02-01,2.43,5.9,1.7
1959-03-01,2.8,5.6,1.7
1959-04-01,2.96,5.2,1.7
1959-05-01,2.9,5.1,2.0
1959-06-01,3.39,5.0,2.0
1959-07-01,3.47,5.1,2.0
1959-08-01,3.5,5.2,2.0
1959-09-01,3.76,5.5,2.4
1959-10-01,3.98,5.7,2.7
1959-11-01,4.0,5.8,2.0
1959-12-01,3.99,5.3,2.0
1960-01-01,3.99,5.2,2.0
1960-02-01,3.97,4.8,2.3
1960-03-01,3.84,5.4,2.0
1960-04-01,3.92,5.2,2.0
1960-05-01,3.85,5.1,1.7
1960-06-01,3.32,5.4,1.7
1960-07-01,3.23,5.5,1.3
1960-08-01,2.98,5.6,1.3
1960-09-01,2.6,5.5,1.0
1960-10-01,2.47,6.1,1.0
1960-11-01,2.44,6.1,1.0
1960-12-01,1.98,6.6,1.0
1961-01-01,1.45,6.6,1.0
1961-02-01,2.54,6.9,0.7
1961-03-01,2.02,6.9,0.7
1961-04-01,1.49,7.0,1.0
1961-05-01,1.98,7.1,1.0
1961-06-01,1.73,6.9,1.0
1961-07-01,1.17,7.0,1.3
1961-08-01,2.0,6.6,1.3
1961-09-01,1.88,6.7,1.6
1961-10-01,2.26,6.5,1.3
1961-11-01,2.61,6.1,1.3
1961-12-01,2.33,6.0,1.3
1962-01-01,2.15,5.8,1.3
1962-02-01,2.37,5.5,1.3
1962-03-01,2.85,5.6,1.6
1962-04-01,2.78,5.6,1.3
1962-05-01,2.36,5.5,1.6
1962-06-01,2.68,5.5,1.6
1962-07-01,2.71,5.4,1.3
1962-08-01,2.93,5.7,1.3
1962-09-01,2.9,5.6,1.3
1962-10-01,2.9,5.4,1.3
1962-11-01,2.94,5.7,1.3
1962-12-01,2.93,5.5,1.3
1963-01-01,2.92,5.7,1.0
1963-02-01,3.0,5.9,1.0
1963-03-01,2.98,5.7,1.0
1963-04-01,2.9,5.7,1.3
1963-05-01,3.0,5.9,1.0
1963-06-01,2.99,5.6,1.3
1963-07-01,3.02,5.6,1.3
1963-08-01,3.49,5.4,1.6
1963-09-01,3.48,5.5,1.3
1963-10-01,3.5,5.5,1.3
1963-11-01,3.48,5.7,1.6
1963-12-01,3.38,5.5,1.6
1964-01-01,3.48,5.6,1.9
1964-02-01,3.48,5.4,1.9
1964-03-01,3.43,5.4,1.9
1964-04-01,3.47,5.3,1.6
1964-05-01,3.5,5.1,1.6
1964-06-01,3.5,5.2,1.6
1964-07-01,3.42,4.9,1.6
1964-08-01,3.5,5.0,0.9
1964-09-01,3.45,5.1,1.3
1964-10-01,3.36,5.1,1.3
1964-11-01,3.52,4.8,1.2
1964-12-01,3.85,5.0,1.2
1965-01-01,3.9,4.9,1.6
1965-02-01,3.98,5.1,1.6
1965-03-01,4.04,4.7,1.2
1965-04-01,4.09,4.8,1.6
1965-05-01,4.1,4.6,1.6
1965-06-01,4.04,4.6,1.2
1965-07-01,4.09,4.4,1.2
1965-08-01,4.12,4.4,1.6
1965-09-01,4.01,4.3,1.5
1965-10-01,4.08,4.2,1.5
1965-11-01,4.1,4.1,1.2
1965-12-01,4.32,4.0,1.5
1966-01-01,4.42,4.0,0.9
1966-02-01,4.6,3.8,1.2
1966-03-01,4.65,3.8,1.5
1966-04-01,4.67,3.8,1.8
1966-05-01,4.9,3.9,2.1
1966-06-01,5.17,3.8,2.4
1966-07-01,5.3,3.8,2.8
1966-08-01,5.53,3.8,3.1
1966-09-01,5.4,3.7,3.0
1966-10-01,5.53,3.7,3.3
1966-11-01,5.76,3.6,3.6
1966-12-01,5.4,3.8,3.3
1967-01-01,4.94,3.9,3.6
1967-02-01,5.0,3.8,3.6
1967-03-01,4.53,3.8,3.6
1967-04-01,4.05,3.8,3.3
1967-05-01,3.94,3.8,3.3
1967-06-01,3.98,3.9,3.3
1967-07-01,3.79,3.8,3.3
1967-08-01,3.9,3.8,3.3
1967-09-01,3.99,3.8,3.6
1967-10-01,3.88,4.0,3.5
1967-11-01,4.13,3.9,3.5
1967-12-01,4.51,3.8,3.8
1968-01-01,4.6,3.7,4.1
1968-02-01,4.71,3.8,4.1
1968-03-01,5.05,3.7,4.4
1968-04-01,5.76,3.5,4.4
1968-05-01,6.11,3.5,4.3
1968-06-01,6.07,3.7,4.6
1968-07-01,6.02,3.7,4.9
1968-08-01,6.03,3.5,4.9
1968-09-01,5.78,3.4,4.9
1968-10-01,5.91,3.4,4.8
1968-11-01,5.82,3.4,5.1
1968-12-01,6.02,3.4,5.1
1969-01-01,6.3,3.4,5.1
1969-02-01,6.61,3.4,5.3
1969-03-01,6.79,3.4,5.6
1969-04-01,7.41,3.4,6.1
1969-05-01,8.67,3.4,6.1
1969-06-01,8.9,3.5,5.8
1969-07-01,8.61,3.5,5.8
1969-08-01,9.19,3.5,5.8
1969-09-01,9.15,3.7,6.0
1969-10-01,9.0,3.7,6.0
1969-11-01,8.85,3.5,5.9
1969-12-01,8.97,3.5,6.2
1970-01-01,8.98,3.9,6.2
1970-02-01,8.98,4.2,6.1
1970-03-01,7.76,4.4,6.1
1970-04-01,8.1,4.6,5.8
1970-05-01,7.94,4.8,6.0
1970-06-01,7.6,4.9,6.5
1970-07-01,7.21,5.0,6.2
1970-08-01,6.61,5.1,6.2
1970-09-01,6.29,5.4,6.2
1970-10-01,6.2,5.5,6.4
1970-11-01,5.6,5.9,6.6
1970-12-01,4.9,6.1,6.6
1971-01-01,4.14,5.9,6.3
1971-02-01,3.72,5.9,5.8
1971-03-01,3.71,6.0,5.2
1971-04-01,4.15,5.9,5.0
1971-05-01,4.63,5.9,5.2
1971-06-01,4.91,5.9,4.9
1971-07-01,5.31,6.0,4.9
1971-08-01,5.56,6.1,4.6
1971-09-01,5.55,6.0,4.4
1971-10-01,5.2,5.8,3.8
1971-11-01,4.91,6.0,3.3
1971-12-01,4.14,6.0,3.1
1972-01-01,3.5,5.8,3.1
1972-02-01,3.29,5.7,3.3
1972-03-01,3.83,5.8,3.3
1972-04-01,4.17,5.7,3.3
1972-05-01,4.27,5.7,3.1
1972-06-01,4.46,5.7,2.8
1972-07-01,4.55,5.6,2.8
1972-08-01,4.8,5.6,3.3
1972-09-01,4.87,5.5,2.8
1972-10-01,5.04,5.6,3.0
1972-11-01,5.06,5.3,3.0
1972-12-01,5.33,5.2,3.0
1973-01-01,5.94,4.9,2.8
1973-02-01,6.58,5.0,2.8
1973-03-01,7.09,4.9,3.0
1973-04-01,7.12,5.0,3.2
1973-05-01,7.84,4.9,3.2
1973-06-01,8.49,4.9,3.2
1973-07-01,10.4,4.8,3.2
1973-08-01,10.5,4.8,3.2
1973-09-01,10.78,4.8,3.8
1973-10-01,10.01,4.6,4.3
1973-11-01,10.03,4.8,4.5
1973-12-01,9.95,4.9,4.7
1974-01-01,9.65,5.1,4.9
1974-02-01,8.97,5.2,5.4
1974-03-01,9.35,5.1,5.8
1974-04-01,10.51,5.1,6.2
1974-05-01,11.31,5.1,6.8
1974-06-01,11.93,5.4,7.9
1974-07-01,12.92,5.5,8.8
1974-08-01,12.01,5.5,9.6
1974-09-01,11.34,5.9,10.2
1974-10-01,10.06,6.0,10.6
1974-11-01,9.45,6.6,11.2
1974-12-01,8.53,7.2,11.1
1975-01-01,7.13,8.1,11.5
1975-02-01,6.24,8.1,11.7
1975-03-01,5.54,8.6,11.4
1975-04-01,5.49,8.8,11.3
1975-05-01,5.22,9.0,10.5
1975-06-01,5.55,8.8,9.6
1975-07-01,6.1,8.6,9.1
1975-08-01,6.14,8.4,8.2
1975-09-01,6.24,8.4,7.7
1975-10-01,5.82,8.4,7.0
1975-11-01,5.22,8.3,6.8
1975-12-01,5.2,8.2,6.7
1976-01-01,4.87,7.9,6.7
1976-02-01,4.77,7.7,6.5
1976-03-01,4.84,7.6,6.6
1976-04-01,4.82,7.7,6.4
1976-05-01,5.29,7.4,6.5
1976-06-01,5.48,7.6,6.5
1976-07-01,5.31,7.8,6.7
1976-08-01,5.29,7.8,6.8
1976-09-01,5.25,7.6,6.8
1976-10-01,5.02,7.7,6.7
1976-11-01,4.95,7.8,6.5
1976-12-01,4.65,7.8,6.1
1977-01-01,4.61,7.5,6.3
1977-02-01,4.68,7.6,6.3
1977-03-01,4.69,7.4,6.2
1977-04-01,4.73,7.2,6.3
1977-05-01,5.35,7.0,6.3
1977-06-01,5.39,7.2,6.6
1977-07-01,5.42,6.9,6.3
1977-08-01,5.9,7.0,6.2
1977-09-01,6.14,6.8,6.2
1977-10-01,6.47,6.8,6.0
1977-11-01,6.51,6.8,5.9
1977-12-01,6.56,6.4,6.5
1978-01-01,6.7,6.4,6.4
1978-02-01,6.78,6.3,6.2
1978-03-01,6.79,6.3,6.3
1978-04-01,6.89,6.1,6.5
1978-05-01,7.36,6.0,6.8
1978-06-01,7.6,5.9,7.0
1978-07-01,7.81,6.2,7.4
1978-08-01,8.04,5.9,7.5
1978-09-01,8.45,6.0,7.9
1978-10-01,8.96,5.8,8.4
1978-11-01,9.76,5.9,8.7
1978-12-01,10.03,6.0,8.5
1979-01-01,10.07,5.9,8.6
1979-02-01,10.06,5.9,9.2
1979-03-01,10.09,5.8,9.3
1979-04-01,10.01,5.8,9.3
1979-05-01,10.24,5.6,9.4
1979-06-01,10.29,5.7,9.3
1979-07-01,10.47,5.7,9.6
1979-08-01,10.94,6.0,10.0
1979-09-01,11.43,5.9,9.9
1979-10-01,13.77,6.0,10.1
1979-11-01,13.18,5.9,10.6
1979-12-01,13.78,6.0,11.3
1980-01-01,13.82,6.3,12.0
1980-02-01,14.13,6.3,12.0
1980-03-01,17.19,6.3,12.5
1980-04-01,17.61,6.9,13.0
1980-05-01,10.98,7.5,13.3
1980-06-01,9.47,7.6,13.6
1980-07-01,9.03,7.8,12.4
1980-08-01,9.61,7.7,11.8
1980-09-01,10.87,7.5,12.0
1980-10-01,12.81,7.5,12.3
1980-11-01,15.85,7.5,12.1
1980-12-01,18.9,7.2,12.2
1981-01-01,19.08,7.5,11.4
1981-02-01,15.93,7.4,10.9
1981-03-01,14.7,7.4,10.0
1981-04-01,15.72,7.2,9.5
1981-05-01,18.52,7.5,9.5
1981-06-01,19.1,7.5,9.4
1981-07-01,19.04,7.2,11.1
1981-08-01,17.82,7.4,11.6
1981-09-01,15.87,7.6,11.8
1981-10-01,15.08,7.9,10.9
1981-11-01,13.31,8.3,10.2
1981-12-01,12.37,8.5,9.5
1982-01-01,13.22,8.6,9.3
1982-02-01,14.78,8.9,9.1
1982-03-01,14.68,9.0,8.8
1982-04-01,14.94,9.3,8.9
1982-05-01,14.45,9.4,8.7
1982-06-01,14.15,9.6,8.6
1982-07-01,12.59,9.8,7.6
1982-08-01,10.12,9.8,7.1
1982-09-01,10.31,10.1,5.9
1982-09-27,,,
1982-10-01,9.71,10.4,5.9
1982-10-07,,,
1982-11-01,9.2,10.8,5.3
1982-11-19,,,
1982-12-01,8.95,10.8,4.5
1982-12-14,,,
1983-01-01,8.68,10.4,4.7
1983-02-01,8.51,10.4,4.7
1983-03-01,8.77,10.3,4.7
1983-03-31,,,
1983-04-01,8.8,10.2,4.3
1983-05-01,8.63,10.1,3.6
1983-05-25,,,
1983-06-01,8.98,10.1,2.9
1983-06-24,,,
1983-07-01,9.37,9.4,3.0
1983-07-14,,,
1983-07-20,,,
1983-08-01,9.56,9.5,3.0
1983-08-11,,,
1983-08-17,,,
1983-09-01,9.45,9.2,3.5
1983-09-15,,,
1983-10-01,9.48,8.8,3.7
1983-11-01,9.34,8.5,4.3
1983-12-01,9.47,8.3,4.8
1984-01-01,9.56,8.0,4.8
1984-02-01,9.59,7.8,4.8
1984-03-01,9.91,7.8,5.0
1984-03-29,,,
1984-04-01,10.29,7.7,5.0
1984-05-01,10.32,7.4,5.2
1984-06-01,11.06,7.2,5.1
1984-07-01,11.23,7.5,5.0
1984-07-05,,,
1984-07-19,,,
1984-08-01,11.64,7.5,5.1
1984-08-09,,,
1984-09-01,11.3,7.3,5.1
1984-09-20,,,
1984-09-27,,,
1984-10-01,9.99,7.4,4.9
1984-10-11,,,
1984-10-18,,,
1984-11-01,9.43,7.2,4.6
1984-11-08,,,
1984-11-23,,,
1984-12-01,8.38,7.3,4.7
1984-12-06,,,
1984-12-19,,,
1984-12-24,,,
1985-01-01,8.35,7.3,4.5
1985-01-24,,,
1985-02-01,8.5,7.2,4.7
1985-02-14,,,
1985-03-01,8.58,7.2,4.8
1985-03-28,,,
1985-04-01,8.27,7.3,4.5
1985-04-25,,,
1985-05-01,7.97,7.2,4.5
1985-05-20,,,
1985-06-01,7.53,7.4,4.4
1985-07-01,7.88,7.4,4.2
1985-07-11,,,
1985-08-01,7.9,7.1,4.1
1985-08-21,,,
1985-09-01,7.92,7.1,4.0
1985-09-06,,,
1985-10-01,7.99,7.1,4.1
1985-11-01,8.05,7.0,4.4
1985-12-01,8.27,7.0,4.3
1985-12-18,,,
1986-01-01,8.14,6.7,4.4
1986-02-01,7.86,7.2,4.2
1986-03-01,7.48,7.2,4.1
1986-03-07,,,
1986-04-01,6.99,7.1,4.2
1986-04-02,,,
1986-04-21,,,
1986-05-01,6.85,7.2,4.0
1986-05-22,,,
1986-06-01,6.92,7.2,4.0
1986-06-05,,,
1986-07-01,6.56,7.0,4.1
1986-07-11,,,
1986-08-01,6.17,6.9,4.0
1986-08-21,,,
1986-09-01,5.89,7.0,4.1
1986-10-01,5.85,7.0,4.0
1986-11-01,6.04,6.9,3.8
1986-12-01,6.91,6.6,3.8
1987-01-01,6.43,6.6,3.8
1987-01-05,,,
1987-02-01,6.1,6.6,3.8
1987-03-01,6.13,6.6,4.0
1987-04-01,6.37,6.3,4.2
1987-04-30,,,
1987-05-01,6.85,6.3,4.2
1987-05-22,,,
1987-06-01,6.73,6.2,4.1
1987-07-01,6.58,6.1,4.0
1987-07-02,,,
1987-08-01,6.73,6.0,4.2
1987-08-27,,,
1987-09-01,7.22,5.9,4.3
1987-09-03,,,
1987-09-04,,,
1987-09-24,,,
1987-10-01,7.29,6.0,4.3
1987-11-01,6.69,5.8,4.4
1987-11-04,,,
1987-12-01,6.77,5.7,4.2
1988-01-01,6.83,5.7,4.3
1988-01-28,,,
1988-02-01,6.58,5.7,4.3
1988-02-11,,,
1988-03-01,6.58,5.7,4.4
1988-03-30,,,
1988-04-01,6.87,5.4,4.3
1988-05-01,7.09,5.6,4.3
1988-05-09,,,
1988-05-25,,,
1988-06-01,7.51,5.4,4.5
1988-06-22,,,
1988-07-01,7.75,5.4,4.5
1988-07-19,,,
1988-08-01,8.01,5.6,4.4
1988-08-08,,,
1988-08-09,,,
1988-09-01,8.19,5.4,4.4
1988-10-01,8.3,5.4,4.5
1988-11-01,8.35,5.3,4.4
1988-11-17,,,
1988-11-22,,,
1988-12-01,8.76,5.3,4.7
1988-12-15,,,
1989-01-01,9.12,5.4,4.6
1989-01-05,,,
1989-02-01,9.36,5.2,4.8
1989-02-09,,,
1989-02-14,,,
1989-02-24,,,
1989-03-01,9.85,5.0,4.7
1989-04-01,9.84,5.2,4.6
1989-05-01,9.81,5.2,4.6
1989-05-17,,,
1989-06-01,9.53,5.3,4.5
1989-06-06,,,
1989-07-01,9.24,5.2,4.6
1989-07-07,,,
1989-07-27,,,
1989-08-01,8.99,5.2,4.4
1989-09-01,9.02,5.3,4.3
1989-10-01,8.84,5.3,4.3
1989-10-19,,,
1989-11-01,8.55,5.4,4.4
1989-11-06,,,
1989-12-01,8.45,5.4,4.4
1989-12-20,,,
1990-01-01,8.23,5.4,4.4
1990-02-01,8.24,5.3,4.6
1990-03-01,8.28,5.2,4.9
1990-04-01,8.26,5.4,4.8
1990-05-01,8.18,5.4,4.8
1990-06-01,8.29,5.2,4.9
1990-07-01,8.15,5.5,5.0
1990-07-13,,,
1990-08-01,8.13,5.7,5.5
1990-09-01,8.2,5.9,5.5
1990-10-01,8.11,5.9,5.3
1990-10-29,,,
1990-11-01,7.81,6.2,5.3
1990-11-14,,,
1990-12-01,7.31,6.3,5.2
1990-12-07,,,
1990-12-19,,,
1991-01-01,6.91,6.4,5.6
1991-01-09,,,
1991-02-01,6.25,6.6,5.6
1991-03-01,6.12,6.8,5.2
1991-03-08,,,
1991-04-01,5.91,6.7,5.1
1991-04-30,,,
1991-05-01,5.78,6.9,5.1
1991-06-01,5.9,6.9,5.0
1991-07-01,5.82,6.8,4.8
1991-08-01,5.66,6.9,4.6
1991-08-06,,,
1991-09-01,5.45,6.9,4.5
1991-09-13,,,
1991-10-01,5.21,7.0,4.4
1991-10-31,,,
1991-11-01,4.81,7.0,4.5
1991-11-06,,,
1991-12-01,4.43,7.3,4.4
1991-12-06,,,
1991-12-20,,,
1992-01-01,4.03,7.3,3.9
1992-02-01,4.06,7.4,3.8
1992-03-01,3.98,7.4,3.9
1992-04-01,3.73,7.4,3.9
1992-04-09,,,
1992-05-01,3.82,7.6,3.8
1992-06-01,3.76,7.8,3.8
1992-07-01,3.25,7.7,3.7
1992-07-02,,,
1992-08-01,3.3,7.6,3.5
1992-09-01,3.22,7.6,3.3
1992-09-04,,,
1992-10-01,3.1,7.3,3.5
1992-11-01,3.09,7.4,3.4
1992-12-01,2.92,7.4,3.3
1993-01-01,3.02,7.3,3.5
1993-02-01,3.03,7.1,3.6
1993-03-01,3.07,7.0,3.4
1993-04-01,2.96,7.1,3.5
1993-05-01,3.0,7.1,3.4
1993-06-01,3.04,7.0,3.3
1993-07-01,3.06,6.9,3.2
1993-08-01,3.03,6.8,3.3
1993-09-01,3.09,6.7,3.2
1993-10-01,2.99,6.8,3.0
1993-11-01,3.02,6.6,3.1
1993-12-01,2.96,6.5,3.2
1994-01-01,3.05,6.6,2.9
1994-02-01,3.25,6.6,2.8
1994-02-04,,,
1994-03-01,3.34,6.5,2.9
1994-03-22,,,
1994-04-01,3.56,6.4,2.8
1994-04-18,,,
1994-05-01,4.01,6.1,2.8
1994-05-17,,,
1994-06-01,4.25,6.1,2.9
1994-07-01,4.26,6.1,2.9
1994-08-01,4.47,6.0,2.9
1994-08-16,,,
1994-09-01,4.73,5.9,3.0
1994-10-01,4.76,5.8,2.9
1994-11-01,5.29,5.6,2.8
1994-11-15,,,
1994-12-01,5.45,5.5,2.6
1995-01-01,5.53,5.6,2.9
1995-02-01,5.92,5.4,3.0
1995-03-01,5.98,5.4,3.0
1995-04-01,6.05,5.8,3.1
1995-05-01,6.01,5.6,3.1
1995-06-01,6.0,5.6,3.0
1995-07-01,5.85,5.7,3.0
1995-07-06,,,
1995-08-01,5.74,5.7,2.9
1995-09-01,5.8,5.6,2.9
1995-10-01,5.76,5.5,3.0
1995-11-01,5.8,5.6,3.0
1995-12-01,5.6,5.6,3.0
1995-12-19,,,
1996-01-01,5.56,5.6,3.0
1996-01-31,,,
1996-02-01,5.22,5.5,2.9
1996-03-01,5.31,5.5,2.8
1996-04-01,5.22,5.6,2.7
1996-05-01,5.24,5.6,2.7
1996-06-01,5.27,5.3,2.7
1996-07-01,5.4,5.5,2.7
1996-08-01,5.22,5.1,2.6
1996-09-01,5.3,5.2,2.7
1996-10-01,5.24,5.2,2.6
1996-11-01,5.31,5.4,2.6
1996-12-01,5.29,5.4,2.6
1997-01-01,5.25,5.3,2.5
1997-02-01,5.19,5.2,2.5
1997-03-01,5.39,5.2,2.5
1997-03-25,,,
1997-04-01,5.51,5.1,2.7
1997-05-01,5.5,4.9,2.5
1997-06-01,5.56,5.0,2.4
1997-07-01,5.52,4.9,2.4
1997-08-01,5.54,4.8,2.3
1997-09-01,5.54,4.9,2.2
1997-10-01,5.5,4.7,2.3
1997-11-01,5.52,4.6,2.2
1997-12-01,5.5,4.7,2.2
1998-01-01,5.56,4.6,2.2
1998-02-01,5.51,4.6,2.3
1998-03-01,5.49,4.7,2.1
1998-04-01,5.45,4.3,2.1
1998-05-01,5.49,4.4,2.2
1998-06-01,5.56,4.5,2.2
1998-07-01,5.54,4.5,2.2
1998-08-01,5.55,4.5,2.5
1998-09-01,5.51,4.6,2.5
1998-09-29,,,
1998-10-01,5.07,4.5,2.3
1998-10-15,,,
1998-11-01,4.83,4.4,2.3
1998-11-17,,,
1998-12-01,4.68,4.4,2.4
1999-01-01,4.63,4.3,2.4
1999-02-01,4.76,4.4,2.1
1999-03-01,4.81,4.2,2.1
1999-04-01,4.74,4.3,2.2
1999-05-01,4.74,4.2,2.0
1999-06-01,4.76,4.3,2.1
1999-06-30,,,
1999-07-01,4.99,4.3,2.1
1999-08-01,5.07,4.2,1.9
1999-08-24,,,
1999-09-01,5.22,4.2,2.0
1999-10-01,5.2,4.1,2.1
1999-11-01,5.42,4.1,2.1
1999-11-16,,,
1999-12-01,5.3,4.0,1.9
2000-01-01,5.45,4.0,2.0
2000-02-01,5.73,4.1,2.2
2000-02-02,,,
2000-03-01,5.85,4.0,2.4
2000-03-21,,,
2000-04-01,6.02,3.8,2.3
2000-05-01,6.27,4.0,2.4
2000-05-16,,,
2000-06-01,6.53,4.0,2.5
2000-07-01,6.54,4.0,2.5
2000-08-01,6.5,4.1,2.6
2000-09-01,6.52,3.9,2.6
2000-10-01,6.51,3.9,2.5
2000-11-01,6.51,3.9,2.6
2000-12-01,6.4,3.9,2.6
2001-01-01,5.98,4.2,2.6
2001-01-03,,,
2001-01-31,,,
2001-02-01,5.49,4.2,2.7
2001-03-01,5.31,4.3,2.7
2001-03-20,,,
2001-04-01,4.8,4.4,2.6
2001-04-18,,,
2001-05-01,4.21,4.3,2.5
2001-05-15,,,
2001-06-01,3.97,4.5,2.7
2001-06-27,,,
2001-07-01,3.77,4.6,2.7
2001-08-01,3.65,4.9,2.7
2001-08-21,,,
2001-09-01,3.07,5.0,2.6
2001-09-17,,,
2001-10-01,2.49,5.3,2.6
2001-10-02,,,
2001-11-01,2.09,5.5,2.8
2001-11-06,,,
2001-12-01,1.82,5.7,2.7
2001-12-11,,,
2002-01-01,1.73,5.7,2.6
2002-02-01,1.74,5.7,2.6
2002-03-01,1.73,5.7,2.4
2002-04-01,1.75,5.9,2.5
2002-05-01,1.75,5.8,2.5
2002-06-01,1.75,5.8,2.3
2002-07-01,1.73,5.8,2.2
2002-08-01,1.74,5.7,2.4
2002-09-01,1.75,5.7,2.2
2002-10-01,1.75,5.7,2.2
2002-11-01,1.34,5.9,2.0
2002-11-06,,,
2002-12-01,1.24,6.0,1.9
2003-01-01,1.24,5.8,1.9
2003-02-01,1.26,5.9,1.7
2003-03-01,1.25,5.9,1.7
2003-04-01,1.26,6.0,1.5
2003-05-01,1.26,6.1,1.6
2003-06-01,1.22,6.3,1.5
2003-06-25,,,
2003-07-01,1.01,6.2,1.5
2003-08-01,1.03,6.1,1.3
2003-09-01,1.01,6.1,1.2
2003-10-01,1.01,6.0,1.3
2003-11-01,1.0,5.8,1.1
2003-12-01,0.98,5.7,1.1
2004-01-01,1.0,5.7,1.1
2004-02-01,1.01,5.6,1.2
2004-03-01,1.0,5.8,1.6
2004-04-01,1.0,5.6,1.8
2004-05-01,1.0,5.6,1.7
2004-06-01,1.03,5.6,1.9
2004-06-30,,,
2004-07-01,1.26,5.5,1.8
2004-08-01,1.43,5.4,1.7
2004-08-10,,,
2004-09-01,1.61,5.4,2.0
2004-09-21,,,
2004-10-01,1.76,5.5,2.0
2004-11-01,1.93,5.4,2.2
2004-11-10,,,
2004-12-01,2.16,5.4,2.2
2004-12-14,,,
2005-01-01,2.28,5.3,2.3
2005-02-01,2.5,5.4,2.4
2005-02-02,,,
2005-03-01,2.63,5.2,2.3
2005-03-22,,,
2005-04-01,2.79,5.2,2.2
2005-05-01,3.0,5.1,2.2
2005-05-03,,,
2005-06-01,3.04,5.0,2.0
2005-06-30,,,
2005-07-01,3.26,5.0,2.1
2005-08-01,3.5,4.9,2.1
2005-08-09,,,
2005-09-01,3.62,5.0,2.0
2005-09-20,,,
2005-10-01,3.78,5.0,2.1
2005-11-01,4.0,5.0,2.1
2005-12-01,4.16,4.9,2.2
2005-12-13,,,
2006-01-01,4.29,4.7,2.1
2006-01-31,,,
2006-02-01,4.49,4.8,2.1
2006-03-01,4.59,4.7,2.1
2006-03-28,,,
2006-04-01,4.79,4.7,2.3
2006-05-01,4.94,4.6,2.4
2006-05-10,,,
2006-06-01,4.99,4.6,2.6
2006-06-29,,,
2006-07-01,5.24,4.7,2.7
2006-08-01,5.25,4.7,2.8
2006-09-01,5.25,4.5,2.9
2006-10-01,5.25,4.4,2.7
2006-11-01,5.25,4.5,2.6
2006-12-01,5.24,4.4,2.6
2007-01-01,5.25,4.6,2.7
2007-02-01,5.26,4.5,2.7
2007-03-01,5.26,4.4,2.5
2007-04-01,5.25,4.5,2.3
2007-05-01,5.25,4.4,2.2
2007-06-01,5.25,4.6,2.2
2007-07-01,5.26,4.7,2.2
2007-08-01,5.02,4.6,2.1
2007-09-01,4.94,4.7,2.1
2007-09-18,,,
2007-10-01,4.76,4.7,2.2
2007-10-31,,,
2007-11-01,4.49,4.7,2.3
2007-12-01,4.24,5.0,2.4
2007-12-11,,,
2008-01-01,3.94,5.0,2.5
2008-01-22,,,
2008-01-30,,,
2008-02-01,2.98,4.9,2.3
2008-03-01,2.61,5.1,2.4
2008-03-18,,,
2008-04-01,2.28,5.0,2.3
2008-04-30,,,
2008-05-01,1.98,5.4,2.3
2008-06-01,2.0,5.6,2.4
2008-07-01,2.01,5.8,2.5
2008-08-01,2.0,6.1,2.5
2008-09-01,1.81,6.1,2.5
2008-10-01,0.97,6.5,2.2
2008-10-08,,,
2008-10-29,,,
2008-11-01,0.39,6.8,2.0
2008-12-01,0.16,7.3,1.8
2008-12-16,,,
2009-01-01,0.15,7.8,1.7
2009-02-01,0.22,8.3,1.8
2009-03-01,0.18,8.7,1.8
2009-04-01,0.15,9.0,1.9
2009-05-01,0.18,9.4,1.8
2009-06-01,0.21,9.5,1.7
2009-07-01,0.16,9.5,1.5
2009-08-01,0.16,9.6,1.4
2009-09-01,0.15,9.8,1.5
2009-10-01,0.12,10.0,1.7
2009-11-01,0.12,9.9,1.7
2009-12-01,0.12,9.9,1.8
2010-01-01,0.11,9.8,1.6
2010-02-01,0.13,9.8,1.3
2010-03-01,0.16,9.9,1.1
2010-04-01,0.2,9.9,0.9
2010-05-01,0.2,9.6,0.9
2010-06-01,0.18,9.4,0.9
2010-07-01,0.18,9.4,0.9
2010-08-01,0.19,9.5,0.9
2010-09-01,0.19,9.5,0.8
2010-10-01,0.19,9.4,0.6
2010-11-01,0.19,9.8,0.8
2010-12-01,0.18,9.3,0.8
2011-01-01,0.17,9.1,1.0
2011-02-01,0.16,9.0,1.1
2011-03-01,0.14,9.0,1.2
2011-04-01,0.1,9.1,1.3
2011-05-01,0.09,9.0,1.5
2011-06-01,0.09,9.1,1.6
2011-07-01,0.07,9.0,1.8
2011-08-01,0.1,9.0,2.0
2011-09-01,0.08,9.0,2.0
2011-10-01,0.07,8.8,2.1
2011-11-01,0.08,8.6,2.2
2011-12-01,0.07,8.5,2.2
2012-01-01,0.08,8.3,2.3
2012-02-01,0.1,8.3,2.2
2012-03-01,0.13,8.2,2.3
2012-04-01,0.14,8.2,2.3
2012-05-01,0.16,8.2,2.3
2012-06-01,0.16,8.2,2.2
2012-07-01,0.16,8.2,2.1
2012-08-01,0.13,8.1,1.9
2012-09-01,0.14,7.8,2.0
2012-10-01,0.16,7.8,2.0
2012-11-01,0.16,7.7,1.9
2012-12-01,0.16,7.9,1.9
2013-01-01,0.14,8.0,1.9
2013-02-01,0.15,7.7,2.0
2013-03-01,0.14,7.5,1.9
2013-04-01,0.15,7.6,1.7
2013-05-01,0.11,7.5,1.7
2013-06-01,0.09,7.5,1.6
2013-07-01,0.09,7.3,1.7
2013-08-01,0.08,7.3,1.8
2013-09-01,0.08,7.2,1.7
2013-10-01,0.09,7.2,1.7
2013-11-01,0.08,6.9,1.7
2013-12-01,0.09,6.7,1.7
2014-01-01,0.07,6.6,1.6
2014-02-01,0.07,6.7,1.6
2014-03-01,0.08,6.7,1.7
2014-04-01,0.09,6.2,1.8
2014-05-01,0.09,6.3,2.0
2014-06-01,0.1,6.1,1.9
2014-07-01,0.09,6.2,1.9
2014-08-01,0.09,6.2,1.7
2014-09-01,0.09,5.9,1.7
2014-10-01,0.09,5.7,1.8
2014-11-01,0.09,5.8,1.7
2014-12-01,0.12,5.6,1.6
2015-01-01,0.11,5.7,1.6
2015-02-01,0.11,5.5,1.7
2015-03-01,0.11,5.4,1.8
2015-04-01,0.12,5.4,1.8
2015-05-01,0.12,5.5,1.7
2015-06-01,0.13,5.3,1.8
2015-07-01,0.13,5.2,1.8
2015-08-01,0.14,5.1,1.8
2015-09-01,0.14,5.0,1.9
2015-10-01,0.12,5.0,1.9
2015-11-01,0.12,5.0,2.0
2015-12-01,0.24,5.0,2.1
2015-12-16,,,
2016-01-01,0.34,4.9,2.2
2016-02-01,0.38,4.9,2.3
2016-03-01,0.36,5.0,2.2
2016-04-01,0.37,5.0,2.1
2016-05-01,0.37,4.7,2.2
2016-06-01,0.38,4.9,2.2
2016-07-01,0.39,4.9,2.2
2016-08-01,0.4,4.9,2.3
2016-09-01,0.4,4.9,2.2
2016-10-01,0.4,4.8,2.1
2016-11-01,0.41,4.6,2.1
2016-12-01,0.54,4.7,2.2
2016-12-14,,,
2017-01-01,0.65,4.8,2.3
2017-02-01,0.66,4.7,2.2
2017-03-01,,,
2017-03-16,,,
